{
    "name": "root",
    "gauges": {
        "Agent.Policy.Entropy.mean": {
            "value": 1.3317523002624512,
            "min": 1.3155699968338013,
            "max": 2.8896923065185547,
            "count": 200
        },
        "Agent.Policy.Entropy.sum": {
            "value": 13615.8359375,
            "min": 11984.22265625,
            "max": 30126.361328125,
            "count": 200
        },
        "Agent.Environment.EpisodeLength.mean": {
            "value": 192.8421052631579,
            "min": 36.90530303030303,
            "max": 403.037037037037,
            "count": 200
        },
        "Agent.Environment.EpisodeLength.sum": {
            "value": 7328.0,
            "min": 6356.0,
            "max": 13576.0,
            "count": 200
        },
        "Agent.Step.mean": {
            "value": 1999987.0,
            "min": 9884.0,
            "max": 1999987.0,
            "count": 200
        },
        "Agent.Step.sum": {
            "value": 1999987.0,
            "min": 9884.0,
            "max": 1999987.0,
            "count": 200
        },
        "Agent.Policy.ExtrinsicValueEstimate.mean": {
            "value": 0.20699279010295868,
            "min": -0.2910475432872772,
            "max": 0.41091281175613403,
            "count": 200
        },
        "Agent.Policy.ExtrinsicValueEstimate.sum": {
            "value": 9.314675331115723,
            "min": -76.8365478515625,
            "max": 27.1202449798584,
            "count": 200
        },
        "Agent.Environment.CumulativeReward.mean": {
            "value": 5.022553127062948,
            "min": -2.813870883757068,
            "max": 6.348079560618651,
            "count": 200
        },
        "Agent.Environment.CumulativeReward.sum": {
            "value": 190.85701882839203,
            "min": -260.0099965631962,
            "max": 277.7160230875015,
            "count": 200
        },
        "Agent.Policy.ExtrinsicReward.mean": {
            "value": 5.022553127062948,
            "min": -2.813870883757068,
            "max": 6.348079560618651,
            "count": 200
        },
        "Agent.Policy.ExtrinsicReward.sum": {
            "value": 190.85701882839203,
            "min": -260.0099965631962,
            "max": 277.7160230875015,
            "count": 200
        },
        "Agent.IsTraining.mean": {
            "value": 1.0,
            "min": 1.0,
            "max": 1.0,
            "count": 200
        },
        "Agent.IsTraining.sum": {
            "value": 1.0,
            "min": 1.0,
            "max": 1.0,
            "count": 200
        },
        "Agent.Losses.PolicyLoss.mean": {
            "value": 0.03073397036641836,
            "min": 0.025943973328685387,
            "max": 0.045959600775192185,
            "count": 192
        },
        "Agent.Losses.PolicyLoss.sum": {
            "value": 0.03073397036641836,
            "min": 0.025943973328685387,
            "max": 0.045959600775192185,
            "count": 192
        },
        "Agent.Losses.ValueLoss.mean": {
            "value": 0.08325491038461526,
            "min": 0.02822329234331846,
            "max": 0.41863228256503743,
            "count": 192
        },
        "Agent.Losses.ValueLoss.sum": {
            "value": 0.08325491038461526,
            "min": 0.02822329234331846,
            "max": 0.41863228256503743,
            "count": 192
        },
        "Agent.Policy.LearningRate.mean": {
            "value": 1.8900998109999468e-06,
            "min": 1.8900998109999468e-06,
            "max": 0.0009948660005134002,
            "count": 192
        },
        "Agent.Policy.LearningRate.sum": {
            "value": 1.8900998109999468e-06,
            "min": 1.8900998109999468e-06,
            "max": 0.0009948660005134002,
            "count": 192
        },
        "Agent.Policy.Epsilon.mean": {
            "value": 0.100378,
            "min": 0.100378,
            "max": 0.29897319999999994,
            "count": 192
        },
        "Agent.Policy.Epsilon.sum": {
            "value": 0.100378,
            "min": 0.100378,
            "max": 0.29897319999999994,
            "count": 192
        },
        "Agent.Policy.Beta.mean": {
            "value": 2.8881099999999472e-05,
            "min": 2.8881099999999472e-05,
            "max": 0.00994871134,
            "count": 192
        },
        "Agent.Policy.Beta.sum": {
            "value": 2.8881099999999472e-05,
            "min": 2.8881099999999472e-05,
            "max": 0.00994871134,
            "count": 192
        },
        "Agent.Agent.AvgSteps.mean": {
            "value": 1939.8648681640625,
            "min": 257.0,
            "max": 2765.64697265625,
            "count": 36
        },
        "Agent.Agent.AvgSteps.sum": {
            "value": 1939.8648681640625,
            "min": 257.0,
            "max": 2765.64697265625,
            "count": 36
        },
        "Agent.Platforms.AvgDefaultPlatformSpawn.mean": {
            "value": 0.6477181911468506,
            "min": 0.5609756112098694,
            "max": 1.0,
            "count": 36
        },
        "Agent.Platforms.AvgDefaultPlatformSpawn.sum": {
            "value": 0.6477181911468506,
            "min": 0.5609756112098694,
            "max": 1.0,
            "count": 36
        },
        "Agent.Platforms.AvgPillarPlatformSpawn.mean": {
            "value": 0.08726981282234192,
            "min": 0.0,
            "max": 0.31578946113586426,
            "count": 36
        },
        "Agent.Platforms.AvgPillarPlatformSpawn.sum": {
            "value": 0.08726981282234192,
            "min": 0.0,
            "max": 0.31578946113586426,
            "count": 36
        },
        "Agent.Platforms.AvgJumpWallPlatformSpawn.mean": {
            "value": 0.2650119960308075,
            "min": 0.0,
            "max": 0.37704917788505554,
            "count": 36
        },
        "Agent.Platforms.AvgJumpWallPlatformSpawn.sum": {
            "value": 0.2650119960308075,
            "min": 0.0,
            "max": 0.37704917788505554,
            "count": 36
        }
    },
    "metadata": {
        "timer_format_version": "0.1.0",
        "start_time_seconds": "1746041021",
        "python_version": "3.10.12 (main, Feb  4 2025, 14:57:36) [GCC 11.4.0]",
        "command_line_arguments": "/home/ditrip/Codes/Unity/Thesis/.venv/bin/mlagents-learn basic_v2.yaml --run-id test2",
        "mlagents_version": "1.1.0",
        "mlagents_envs_version": "1.1.0",
        "communication_protocol_version": "1.5.0",
        "pytorch_version": "2.5.1+cu124",
        "numpy_version": "1.23.5",
        "end_time_seconds": "1746042992"
    },
    "total": 1971.2096019600003,
    "count": 1,
    "self": 0.003572877999431512,
    "children": {
        "run_training.setup": {
            "total": 0.009701894000500033,
            "count": 1,
            "self": 0.009701894000500033
        },
        "TrainerController.start_learning": {
            "total": 1971.1963271880004,
            "count": 1,
            "self": 2.573477224959788,
            "children": {
                "TrainerController._reset_env": {
                    "total": 7.590929106999283,
                    "count": 1,
                    "self": 7.590929106999283
                },
                "TrainerController.advance": {
                    "total": 1960.9927572240413,
                    "count": 176778,
                    "self": 2.755433722692942,
                    "children": {
                        "env_step": {
                            "total": 1592.4867108129656,
                            "count": 176778,
                            "self": 1287.3822447418515,
                            "children": {
                                "SubprocessEnvManager._take_step": {
                                    "total": 303.39852433689884,
                                    "count": 176778,
                                    "self": 7.21745626180109,