{"count":1,"self":54.2936512,"total":220.165246,"children":{"InitializeActuators":{"count":10,"self":0.001214,"total":0.001214,"children":null},"InitializeSensors":{"count":10,"self":0.002274,"total":0.002274,"children":null},"AgentSendState":{"count":101751,"self":14.783403199999999,"total":20.884114999999998,"children":{"CollectObservations":{"count":203510,"self":0.18281799999999998,"total":0.18281799999999998,"children":null},"WriteActionMask":{"count":203510,"self":0.094807,"total":0.094807,"children":null},"RequestDecision":{"count":203510,"self":0.37726699999999996,"total":5.823087,"children":{"AgentInfo.ToProto":{"count":203510,"self":0.33387,"total":5.4458199999999994,"children":{"GenerateSensorData":{"count":203510,"self":3.3565047999999997,"total":5.1119499999999993,"children":{"RayPerceptionSensor.Perceive":{"count":814040,"self":1.755445,"total":1.755445,"children":null}}}}}}}}},"DecideAction":{"count":101751,"self":140.4684672,"total":140.46846299999999,"children":null},"AgentAct":{"count":101751,"self":4.4186999999999994,"total":4.515009,"children":{"AgentInfo.ToProto":{"count":2626,"self":0.008711,"total":0.096308999999999992,"children":{"GenerateSensorData":{"count":2626,"self":0.060662999999999995,"total":0.087598,"children":{"RayPerceptionSensor.Perceive":{"count":10504,"self":0.026934999999999997,"total":0.026934999999999997,"children":null}}}}}}}},"gauges":{"Agent.CumulativeReward":{"count":2626,"max":13.8030214,"min":-1.96399677,"runningAverage":0.252313465,"value":-1.06499994,"weightedAverage":-0.0895164}},"metadata":{"timer_format_version":"0.1.0","start_time_seconds":"1744224443","unity_version":"2021.3.11f1","command_line_arguments":"\/home\/ditrip\/Unity\/Hub\/Editor\/2021.3.11f1\/Editor\/Unity -projectpath \/home\/ditrip\/Codes\/Unity\/Thesis -useHub -hubIPC -cloudEnvironment production -licensingIpc LicenseClient-ditrip -hubSessionId 27c97e85-fb87-4f2b-aebe-e87c0ce592fb -accessToken 2Te9at225JstUidZBFz4ccvQkgQbBimCpnvga7uryKI011f","communication_protocol_version":"1.5.0","com.unity.ml-agents_version":"2.0.1","scene_name":"ThesisScene","end_time_seconds":"1744224664"}}