{"count":1,"self":27.869904,"total":28.50986,"children":{"InitializeActuators":{"count":12,"self":0.001294,"total":0.001294,"children":null},"InitializeSensors":{"count":12,"self":0.0023179999999999997,"total":0.0023179999999999997,"children":null},"AgentSendState":{"count":1409,"self":0.46185699999999996,"total":0.532393,"children":{"CollectObservations":{"count":3384,"self":0.006711,"total":0.006711,"children":null},"WriteActionMask":{"count":3384,"self":0.003446,"total":0.003446,"children":null},"RequestDecision":{"count":3384,"self":0.023541,"total":0.060378999999999995,"children":{"RayPerceptionSensor.Perceive":{"count":13536,"self":0.036837999999999996,"total":0.036837999999999996,"children":null}}}}},"DecideAction":{"count":1409,"self":0.024551,"total":0.024551,"children":null},"AgentAct":{"count":1409,"self":0.07643599999999999,"total":0.07643599999999999,"children":null},"RayPerceptionSensor.Perceive":{"count":432,"self":0.0015049999999999998,"total":0.0015049999999999998,"children":null}},"gauges":{"Agent.CumulativeReward":{"count":108,"max":0.456000566,"min":-0.10300003,"runningAverage":0.006777848,"value":-0.0479999743,"weightedAverage":-0.0476618819}},"metadata":{"timer_format_version":"0.1.0","start_time_seconds":"1746036700","unity_version":"2021.3.11f1","command_line_arguments":"\/home\/ditrip\/Unity\/Hub\/Editor\/2021.3.11f1\/Editor\/Unity -projectpath \/home\/ditrip\/Codes\/Unity\/Thesis -useHub -hubIPC -cloudEnvironment production -licensingIpc LicenseClient-ditrip -hubSessionId 07eeeb58-763b-4596-8162-8096c3269635 -accessToken 6ltTfusbL32zg_H3DpOPGnNbUBKyooWJgrMyfOIM0MA011f","communication_protocol_version":"1.5.0","com.unity.ml-agents_version":"2.0.1","scene_name":"ThesisScene","end_time_seconds":"1746036729"}}