{"count":1,"self":491.768832,"total":1964.608019,"children":{"InitializeActuators":{"count":12,"self":0.00131,"total":0.00131,"children":null},"InitializeSensors":{"count":12,"self":0.0024289999999999997,"total":0.0024289999999999997,"children":null},"AgentSendState":{"count":834467,"self":148.33740799999998,"total":207.72332799999998,"children":{"CollectObservations":{"count":2002728,"self":1.611977,"total":1.611977,"children":null},"WriteActionMask":{"count":2002728,"self":0.78779,"total":0.78779,"children":null},"RequestDecision":{"count":2002728,"self":3.314178,"total":56.986152,"children":{"AgentInfo.ToProto":{"count":2002728,"self":2.876473,"total":53.671974,"children":{"GenerateSensorData":{"count":2002728,"self":33.233673599999996,"total":50.795500999999994,"children":{"RayPerceptionSensor.Perceive":{"count":8010912,"self":17.5618272,"total":17.561827,"children":null}}}}}}}}},"DecideAction":{"count":834467,"self":1217.3856768,"total":1217.3856719999999,"children":null},"AgentAct":{"count":834467,"self":47.2868992,"total":47.72577,"children":{"AgentInfo.ToProto":{"count":11631,"self":0.039445999999999995,"total":0.438872,"children":{"GenerateSensorData":{"count":11631,"self":0.277445,"total":0.399426,"children":{"RayPerceptionSensor.Perceive":{"count":46524,"self":0.12198099999999999,"total":0.12198099999999999,"children":null}}}}}}}},"gauges":{"Agent.CumulativeReward":{"count":11631,"max":25.13567,"min":-32.8708725,"runningAverage":2.00695086,"value":5.898063,"weightedAverage":4.295763}},"metadata":{"timer_format_version":"0.1.0","start_time_seconds":"1746041027","unity_version":"2021.3.11f1","command_line_arguments":"\/home\/ditrip\/Unity\/Hub\/Editor\/2021.3.11f1\/Editor\/Unity -projectpath \/home\/ditrip\/Codes\/Unity\/Thesis -useHub -hubIPC -cloudEnvironment production -licensingIpc LicenseClient-ditrip -hubSessionId 07eeeb58-763b-4596-8162-8096c3269635 -accessToken 6ltTfusbL32zg_H3DpOPGnNbUBKyooWJgrMyfOIM0MA011f","communication_protocol_version":"1.5.0","com.unity.ml-agents_version":"2.0.1","scene_name":"ThesisScene","end_time_seconds":"1746042992"}}