{"count":1,"self":13.9628768,"total":262.2706167,"children":{"InitializeActuators":{"count":9,"self":0.0025748999999999998,"total":0.0025748999999999998,"children":null},"InitializeSensors":{"count":9,"self":0.00099589999999999987,"total":0.00099589999999999987,"children":null},"AgentSendState":{"count":37234,"self":0.24868469999999998,"total":0.881015,"children":{"CollectObservations":{"count":33516,"self":0.0860138,"total":0.0860138,"children":null},"WriteActionMask":{"count":33516,"self":0.031553,"total":0.031553,"children":null},"RequestDecision":{"count":33516,"self":0.1065849,"total":0.51476349999999993,"children":{"AgentInfo.ToProto":{"count":33516,"self":0.1438423,"total":0.4081786,"children":{"GenerateSensorData":{"count":33516,"self":0.26433629999999997,"total":0.26433629999999997,"children":null}}}}}}},"DecideAction":{"count":37234,"self":246.6486272,"total":246.64863219999998,"children":null},"AgentAct":{"count":37234,"self":0.6973024,"total":0.7715288,"children":{"AgentInfo.ToProto":{"count":4545,"self":0.028522699999999998,"total":0.0742264,"children":{"GenerateSensorData":{"count":4545,"self":0.0457037,"total":0.0457037,"children":null}}}}}},"gauges":{"RollerBall.CumulativeReward":{"count":4545,"max":2,"min":0,"runningAverage":1.03652334,"value":1,"weightedAverage":1.00950539}},"metadata":{"timer_format_version":"0.1.0","start_time_seconds":"1681646371","unity_version":"2021.3.11f1","command_line_arguments":"F:\\UnityProject\\GitDesktop\\Thesis\\New folder\\Thesis.exe --mlagents-port 5006 -logFile F:\\Test\\ml-agents\\results\\test1\\run_logs\\Player-1.log","communication_protocol_version":"1.5.0","com.unity.ml-agents_version":"2.1.0-exp.1","scene_name":"SampleScene","end_time_seconds":"1681646633"}}